record_id,plot_area_ha,rainfall_mm,soil_ph,seed_kg,distance_km,arrival_hour,actual_yield_kg,dispatch_attention
D001,1.55,78,5.9,151,16,11,3550.2,0
D002,1.1,101,5.2,182,27,16,3252.4,1
D003,1.95,124,5.9,213,7,9,4458.6,0
D004,1.5,76,5.2,244,18,14,3734.8,0
D005,1.05,99,5.9,275,29,7,3528.0,1
D006,1.9,122,5.2,125,9,12,4064.0,0
D007,1.45,74,5.9,156,20,17,3431.2,1
D008,1.0,97,5.2,187,31,10,3133.4,1
D009,1.85,120,5.9,218,11,15,4339.6,1
D010,1.4,72,5.2,249,22,8,3615.8,0
D011,0.95,95,5.9,280,33,13,3308.0,1
D012,1.8,118,5.2,130,13,6,3945.0,0
D013,1.35,70,5.9,161,24,11,3312.2,0
D014,0.9,93,5.2,192,35,16,2913.4,1
D015,1.75,116,5.9,223,15,9,4220.6,0
D016,1.3,68,5.2,254,26,14,3496.8,1
D017,0.85,91,5.9,285,6,7,3468.0,0
D018,1.7,114,5.2,135,17,12,3826.0,0
D019,1.25,66,5.9,166,28,17,3193.2,1
D020,0.8,89,5.2,197,8,10,3073.4,0
D021,1.65,112,5.9,228,19,15,4101.6,1
D022,1.2,64,5.2,259,30,8,3276.8,1
D023,0.75,87,5.9,290,10,13,3349.0,0
D024,1.6,110,5.2,140,21,6,3707.0,0
D025,1.15,62,5.9,171,32,11,2973.2,1
D026,0.7,85,5.2,202,12,16,2954.4,1
D027,1.55,108,5.9,233,23,9,3982.6,0
D028,1.1,60,5.2,264,34,14,3157.8,1
D029,1.95,83,5.9,295,14,7,4465.0,0
D030,1.5,106,5.2,145,25,12,3588.0,1
D031,1.05,58,5.9,176,5,17,3133.2,1
D032,1.9,81,5.2,207,16,10,4070.4,0
D033,1.45,104,5.9,238,27,15,3762.6,1
D034,1.0,56,5.2,269,7,8,3317.8,1
D035,1.85,79,5.9,300,18,13,4346.0,0
D036,1.4,102,5.2,150,29,6,3368.0,1
D037,0.95,125,5.9,181,9,11,3440.2,0
D038,1.8,77,5.2,212,20,16,3951.4,1
D039,1.35,100,5.9,243,31,9,3643.6,1
D040,0.9,123,5.2,274,11,14,3624.8,0
